Date,Global_CO2_Emissions_ppm
1850-01-15,284.944656165892
1850-02-15,285.33379177202005
1850-03-15,285.68282529314996
1850-04-15,285.93117886177896
1850-05-15,285.88592837839
1850-06-15,285.166409774479
1850-07-15,283.535435169395
1850-08-15,281.936464955225
1850-09-15,281.901050552666
1850-10-15,282.941449012576
1850-11-15,283.950587411799
1850-12-15,284.594220910059
1851-01-15,285.062186270545
1851-02-15,285.454612618704
1851-03-15,285.807019565383
1851-04-15,286.058745574905
1851-05-15,286.016688690945
1851-06-15,285.300121015748
1851-07-15,283.671992646514
1851-08-15,282.075738690955
1851-09-15,282.04268870732
1851-10-15,283.085164171303
1851-11-15,284.096026614885
1851-12-15,284.741013624775
1852-01-15,285.210038282149
1852-02-15,285.603128119977
1852-03-15,285.955887820865
1852-04-15,286.207688563156
1852-05-15,286.16535777820303
1852-06-15,285.448222045858
1852-07-15,283.819505446809
1852-08-15,282.222685845347
1852-09-15,282.18886406276
1852-10-15,283.230444390441
1852-11-15,284.240228597374
1852-12-15,284.88394713310004
1853-01-15,285.351546282978
1853-02-15,285.74308894638597
1853-03-15,286.094221167157
1853-04-15,286.344357969177
1853-05-15,286.300277143615
1853-06-15,285.581368806736
1853-07-15,283.95111908205797
1853-08-15,282.35304271088404
1853-09-15,282.317998665078
1853-10-15,283.358427178718
1853-11-15,284.367036963703
1853-12-15,285.009513026331
1854-01-15,285.47578088337
1854-02-15,285.865921861758
1854-03-15,286.215568344039
1854-04-15,286.464135248693
1854-05-15,286.418319427959
1854-06-15,285.69752791862703
1854-07-15,284.06543551480803
1854-08-15,282.465574015363
1854-09-15,282.428634332472
1854-10-15,283.467137460205
1854-11-15,284.47376132930697
1854-12-15,285.114201334789
1855-01-15,285.57840488204
1855-02-15,285.966540052717
1855-03-15,286.31426703643103
1855-04-15,286.56104968567297
1855-05-15,286.51356701117
1855-06-15,285.79128904863
1855-07-15,284.158095446921
1855-08-15,282.557566370117
1855-09-15,282.52024864908697
1855-10-15,283.558718333307
1855-11-15,284.565616266236
1855-12-15,285.20663476548697
1856-01-15,285.67179311222696
1856-02-15,286.061178714628
1856-03-15,286.410530037697
1856-04-15,286.659344067784
1856-05-15,286.61425703625497
1856-06-15,285.894788102253
1856-07-15,284.265027312646
1856-08-15,282.668577522689
1856-09-15,282.635726700548
1856-10-15,283.678996156165
1856-11-15,284.690867229516
1856-12-15,285.336911398611
1857-01-15,285.80718375293
1857-02-15,286.201409102248
1857-03-15,286.555370643819
1857-04-15,286.80849045988
1857-05-15,286.767220928145
1857-06-15,286.051029251646
1857-07-15,284.424184979168
1857-08-15,282.8302422032
1857-09-15,282.799259569157
1857-10-15,283.843898911574
1857-11-15,284.856631848095
1857-12-15,285.50307562422
1858-01-15,285.973428533867
1858-02-15,286.367387972085
1858-03-15,286.720890208468
1858-04-15,286.97346051501097
1858-05-15,286.931538480641
1858-06-15,286.214718926672
1858-07-15,284.587645410516
1858-08-15,282.993973834516
1858-09-15,282.963487893952
1858-10-15,284.008894810922
1858-11-15,285.022551404762
1858-12-15,285.670019192476
1859-01-15,286.14154524939096
1859-02-15,286.53669164753103
1859-03-15,286.89145396059297
1859-04-15,287.145362911525
1859-05-15,287.10473982977004
1859-06-15,286.389211044685
1859-07-15,284.76371443857397
1859-08-15,283.171919897762
1859-09-15,283.14329723347197
1859-10-15,284.190614723639
1859-11-15,285.206119533092
1859-12-15,285.855326532121
1860-01-15,286.328561520526
1860-02-15,286.725225159994
1860-03-15,287.081403293532
1860-04-15,287.336646182979
1860-05-15,287.297158334022
1860-06-15,286.582614336925
1860-07-15,284.958290031711
1860-08-15,283.367882839573
1860-09-15,283.340511131318
1860-10-15,284.388992043185
1860-11-15,285.405433053931
1860-12-15,286.055278799547
1861-01-15,286.52887904911
1861-02-15,286.925532277788
1861-03-15,287.28136000827004
1861-04-15,287.53591228604597
1861-05-15,287.495257037809
1861-06-15,286.779097359488
1861-07-15,285.153027292534
1861-08-15,283.560754611264
1861-09-15,283.53109362715696
1861-10-15,284.577025618111
1861-11-15,285.59063691597
1861-12-15,286.23742046159
1862-01-15,286.707808670214
1862-02-15,287.101245033834
1862-03-15,287.453944050266
1862-04-15,287.705570091571
1862-05-15,287.66218802666697
1862-06-15,286.94364000267797
1862-07-15,285.315908488923
1862-08-15,283.722820741354
1862-09-15,283.69292003243
1862-10-15,284.73917790064
1862-11-15,285.753503001269
1862-12-15,286.40127038442
1863-01-15,286.872884535807
1863-02-15,287.267624490116
1863-03-15,287.62168710090197
1863-04-15,287.874679714693
1863-05-15,287.832489978939
1863-06-15,287.114928332058
1863-07-15,285.488200885522
1863-08-15,283.896086081447
1863-09-15,283.866800669245
1863-10-15,284.913425586246
1863-11-15,285.92781962841
1863-12-15,286.575369204313
1864-01-15,287.043461105101
1864-02-15,287.43804648486696
1864-03-15,287.79224300677504
1864-04-15,288.04552333796903
1864-05-15,288.004506884842
1864-06-15,287.288686908825
1864-07-15,285.662111637828
1864-08-15,284.068371360169
1864-09-15,284.037815663627
1864-10-15,285.083001248303
1864-11-15,286.096451636901
1864-12-15,286.74377667321096
1865-01-15,287.217245276198
1865-02-15,287.611935446024
1865-03-15,287.965893888655
1865-04-15,288.218722777834
1865-05-15,288.176370742132
1865-06-15,287.458629113214
1865-07-15,285.831544355377
1865-08-15,284.238885515466
1865-09-15,284.209034689962
1865-10-15,285.255045051793
1865-11-15,286.268842401815
1865-12-15,286.915846460209
1866-01-15,287.386082058588
1866-02-15,287.77985249735804
1866-03-15,288.132968963223
1866-04-15,288.385080402615
1866-05-15,288.342208381653
1866-06-15,287.624185493597
1866-07-15,285.99704387761903
1866-08-15,284.40459773794
1866-09-15,284.37532128231703
1866-10-15,285.422196150092
1866-11-15,286.437093520896
1866-12-15,287.085365167487
1867-01-15,287.555566913774
1867-02-15,287.950912743459
1867-03-15,288.30571067334097
1867-04-15,288.559435943218
1867-05-15,288.51840102907903
1867-06-15,287.802166955532
1867-07-15,286.175507238437
1867-08-15,284.58203380795396
1867-09-15,284.551295911725
1867-10-15,285.596035993629
1867-11-15,286.608550044732
1867-12-15,287.25437801821397
1868-01-15,287.724558661894
1868-02-15,288.116980955691
1868-03-15,288.46845630351896
1868-04-15,288.718584177726
1868-05-15,288.67343663569
1868-06-15,287.95277574092
1868-07-15,286.322350731317
1868-08-15,284.725920190544
1868-09-15,284.692190059761
1868-10-15,285.734151011223
1868-11-15,286.743845381136
1868-12-15,287.386745227445
1869-01-15,287.85285638807005
1869-02-15,288.24253008930697
1869-03-15,288.591548057178
1869-04-15,288.83954786695097
1869-05-15,288.79266083364496
1869-06-15,288.070682667874
1869-07-15,286.439351313338
1869-08-15,284.8424621559
1869-09-15,284.808806467376
1869-10-15,285.851323572455
1869-11-15,286.861996898243
1869-12-15,287.50622851822396
1870-01-15,287.974208201822
1870-02-15,288.365644985782
1870-03-15,288.71650890782297
1870-04-15,288.966374622833
1870-05-15,288.921246547234
1870-06-15,288.200870946971
1870-07-15,286.571072238682
1870-08-15,284.975586821614
1870-09-15,284.942981584181
1870-10-15,285.986249163152
1870-11-15,286.997390807916
1870-12-15,287.641859823568
1871-01-15,288.110436022163
1871-02-15,288.501801591248
1871-03-15,288.852533519647
1871-04-15,289.102323563704
1871-05-15,289.05707245453704
1871-06-15,288.336690063784
1871-07-15,286.70763346457
1871-08-15,285.113769732899
1871-09-15,285.083193675595
1871-10-15,286.129020297896
1871-11-15,287.14301474977697
1871-12-15,287.79050520967
1872-01-15,288.266797376515
1872-02-15,288.660727813754
1872-03-15,289.013522169507
1872-04-15,289.26516074756
1872-05-15,289.220185871362
1872-06-15,288.499142857588
1872-07-15,286.872623103069
1872-08-15,285.284883495981
1872-09-15,285.259948274772
1872-10-15,286.311838347133
1872-11-15,287.330976331451
1872-12-15,287.982187498681
1873-01-15,288.460037760388
1873-02-15,288.85542944250705
1873-03-15,289.208958118399
1873-04-15,289.46085507645097
1873-05-15,289.414702478135
1873-06-15,288.69155172811
1873-07-15,287.065073335771
1873-08-15,285.479849642482
1873-09-15,285.45694975761904
1873-10-15,286.511108079959
1873-11-15,287.53183092426
1873-12-15,288.183647254549
1874-01-15,288.656471916777
1874-02-15,289.05178532424
1874-03-15,289.405516190632
1874-04-15,289.65787481547
1874-05-15,289.612857087175
1874-06-15,288.891401857497
1874-07-15,287.266143545397
1874-08-15,285.681616774426
1874-09-15,285.660019729305
1874-10-15,286.71584619528
1874-11-15,287.73885681035597
1874-12-15,288.393603450647
1875-01-15,288.870551603777
1875-02-15,289.269526709748
1875-03-15,289.626989900709
1875-04-15,289.883006453368
1875-05-15,289.84159943171903
1875-06-15,289.123526394616
1875-07-15,287.50087464444
1875-08-15,285.918023194133
1875-09-15,285.897481593912
1875-10-15,286.95359950683104
1875-11-15,287.97635770778
1875-12-15,288.63045624372
1876-01-15,289.108053378383
1876-02-15,289.505587510005
1876-03-15,289.861236149194
1876-04-15,290.11523538020305
1876-05-15,290.071423868071
1876-06-15,289.35080479622
1876-07-15,287.726465709593
1876-08-15,286.142978268916
1876-09-15,286.122082255244
1876-10-15,287.178390180674
1876-11-15,288.201567933648
1876-12-15,288.856167791889
1877-01-15,289.343186985658
1877-02-15,289.740044813339
1877-03-15,290.093989980844
1877-04-15,290.345876739701
1877-05-15,290.29703542096803
1877-06-15,289.569745909228
1877-07-15,287.945014553504
1877-08-15,286.368223417938
1877-09-15,286.35345244901004
1877-10-15,287.417053043095
1877-11-15,288.446124458049
1877-12-15,289.104245310476
1878-01-15,289.590833060467
1878-02-15,289.987545801578
1878-03-15,290.340257132889
1878-04-15,290.590268354985
1878-05-15,290.537107257586
1878-06-15,289.80397460478804
1878-07-15,288.17757677090697
1878-08-15,286.603881187519
1878-09-15,286.591458633415
1878-10-15,287.657926697338
1878-11-15,288.688624226761
1878-12-15,289.346539223793
1879-01-15,289.830938237515
1879-02-15,290.224756849335
1879-03-15,290.573885218287
1879-04-15,290.820114742045
1879-05-15,290.761567016866
1879-06-15,290.02233231896497
1879-07-15,288.39403511340697
1879-08-15,286.823249524233
1879-09-15,286.814015637593
1879-10-15,287.885097773554
1879-11-15,288.920241111515
1879-12-15,289.58175897807996
1880-01-15,290.065054154911
1880-02-15,290.461612959388
1880-03-15,290.81352080709
1880-04-15,291.062567653065
1880-05-15,291.006403690211
1880-06-15,290.269216739785
1880-07-15,288.643727224093
1880-08-15,287.076536720563
1880-09-15,287.070439559257
1880-10-15,288.144380508424
1880-11-15,289.18174667963103
1880-12-15,289.84478514596003
1881-01-15,290.329164629836
1881-02-15,290.726180019623
1881-03-15,291.078223195958
1881-04-15,291.327260008323
1881-05-15,291.270644309651
1881-06-15,290.53283928220503
1881-07-15,288.907843946316
1881-08-15,287.342464809669
1881-09-15,287.338421768798
1881-10-15,288.41499380048697
1881-11-15,289.45513406052004
1881-12-15,290.120821661786
1882-01-15,290.609097765456
1882-02-15,291.008050065482
1882-03-15,291.361513791669
1882-04-15,291.611515856004
1882-05-15,291.554581903532
1882-06-15,290.815423485736
1882-07-15,289.190177204952
1882-08-15,287.62576530907
1882-09-15,287.62161424437
1882-10-15,288.697392179043
1882-11-15,289.735381359625
1882-12-15,290.397477914185
1883-01-15,290.877706425447
1883-02-15,291.271501493981
1883-03-15,291.619676171042
1883-04-15,291.864397870549
1883-05-15,291.802569544603
1883-06-15,291.058993368441
1883-07-15,289.42939348844
1883-08-15,287.86081809421603
1883-09-15,287.853461119113
1883-10-15,288.927039605973
1883-11-15,289.96405983643996
1883-12-15,290.626373619932
1884-01-15,291.106047807921
1884-02-15,291.502269318014
1884-03-15,291.853832898506
1884-04-15,292.102617370594
1884-05-15,292.046026655664
1884-06-15,291.308408031052
1884-07-15,289.683353357369
1884-08-15,288.117573684478
1884-09-15,288.113064869636
1884-10-15,289.188975462075
1884-11-15,290.22839458454104
1884-12-15,290.89342641663
1885-01-15,291.376562266687
1885-02-15,291.77589695002604
1885-03-15,292.130598331915
1885-04-15,292.382443869343
1885-05-15,292.32929948157
1885-06-15,291.59529242096403
1885-07-15,289.972597686992
1885-08-15,288.40779032641603
1885-09-15,288.40425644085303
1885-10-15,289.48084188353903
1885-11-15,290.521102173339
1885-12-15,291.187308501113
1886-01-15,291.673474687508
1886-02-15,292.074241362393
1886-03-15,292.43029080986304
1886-04-15,292.683393728721
1886-05-15,292.63141918829496
1886-06-15,291.89848559579104
1886-07-15,290.276738055287
1886-08-15,288.712744246133
1886-09-15,288.709909746369
1886-10-15,289.787070181457
1886-11-15,290.827800366441
1886-12-15,291.49442215917
1887-01-15,291.977661510786
1887-02-15,292.37938908432596
1887-03-15,292.736921439701
1887-04-15,292.991857216474
1887-05-15,292.942961211298
1887-06-15,292.213954864627
1887-07-15,290.594317851433
1887-08-15,289.030380137882
1887-09-15,289.028202411523
1887-10-15,290.106066863387
1887-11-15,291.148430292452
1887-12-15,291.817846781474
1888-01-15,292.308528076281
1888-02-15,292.714190305893
1888-03-15,293.075636660964
1888-04-15,293.334398850369
1888-05-15,293.288971290173
1888-06-15,292.563051342724
1888-07-15,290.946526829216
1888-08-15,289.385673294448
1888-09-15,289.385945818259
1888-10-15,290.465632327077
1888-11-15,291.508955349124
1888-12-15,292.17847877018903
1889-01-15,292.673150386703
1889-02-15,293.076889186958
1889-03-15,293.435356998039
1889-04-15,293.690534651283
1889-05-15,293.63971817655204
1889-06-15,292.90740107283796
1889-07-15,291.287767345491
1889-08-15,289.72764296053504
1889-09-15,289.72857003377203
1889-10-15,290.80987394250997
1889-11-15,291.85452004337503
1889-12-15,292.524563858583
1890-01-15,293.0147245866
1890-02-15,293.41839259709
1890-03-15,293.777031041337
1890-04-15,294.032611320709
1890-05-15,293.98230509168
1890-06-15,293.250620633766
1890-07-15,291.632000928778
1890-08-15,290.07326958018103
1890-09-15,290.075654935125
1890-10-15,291.158513987458
1890-11-15,292.204687606564
1890-12-15,292.876175626813
1891-01-15,293.36914921377996
1891-02-15,293.773853221516
1891-03-15,294.133245534071
1891-04-15,294.389398263031
1891-05-15,294.339016725229
1891-06-15,293.606829347918
1891-07-15,291.988703930955
1891-08-15,290.43159965367
1891-09-15,290.435344201141
1891-10-15,291.519597772002
1891-11-15,292.56672235993597
1891-12-15,293.238527209887
1892-01-15,293.722100522894
1892-02-15,294.12731284707803
1892-03-15,294.487873537486
1892-04-15,294.745333822765
1892-05-15,294.698253904187
1892-06-15,293.970340918997
1892-07-15,292.35139417226895
1892-08-15,290.787705883895
1892-09-15,290.784873152327
1892-10-15,291.86118690228403
1892-11-15,292.900924982919
1892-12-15,293.566686625315
1893-01-15,294.04179863307496
1893-02-15,294.443913578808
1893-03-15,294.802708023569
1893-04-15,295.059163290129
1893-05-15,295.014586108296
1893-06-15,294.291415169988
1893-07-15,292.671135726117
1893-08-15,291.099266176315
1893-09-15,291.089614606192
1893-10-15,292.158717729655
1893-11-15,293.19366458119
1893-12-15,293.858003634949
1894-01-15,294.34090774798403
1894-02-15,294.745861706318
1894-03-15,295.108268274283
1894-04-15,295.368700220711
1894-05-15,295.329048984608
1894-06-15,294.61113549328604
1894-07-15,292.993717093668
1894-08-15,291.42184255965196
1894-09-15,291.411541275211
1894-10-15,292.478586704199
1894-11-15,293.510684073475
1894-12-15,294.171692741863
1895-01-15,294.650752657032
1895-02-15,295.051800959878
1895-03-15,295.410134547676
1895-04-15,295.66634734428
1895-05-15,295.62330063688
1895-06-15,294.90263668489104
1895-07-15,293.280918715992
1895-08-15,291.703158327726
1895-09-15,291.68791790265
1895-10-15,292.75065327953604
1895-11-15,293.780056047874
1895-12-15,294.440309147304
1896-01-15,294.923984447266
1896-02-15,295.32674710112
1896-03-15,295.687321755497
1896-04-15,295.94616381198
1896-05-15,295.90567967157904
1896-06-15,295.187439707066
1896-07-15,293.568607357919
1896-08-15,291.99407515137403
1896-09-15,291.98142931569197
1896-10-15,293.046100141519
1896-11-15,294.076319446002
1896-12-15,294.736117869673
1897-01-15,295.21807101948997
1897-02-15,295.618515125015
1897-03-15,295.976220536815
1897-04-15,296.231890017554
1897-05-15,296.18795542571803
1897-06-15,295.466281234635
1897-07-15,293.84479640814203
1897-08-15,292.26865447852504
1897-09-15,292.255101502942
1897-10-15,293.319894375308
1897-11-15,294.35128445791804
1897-12-15,295.013320605175
1898-01-15,295.495785795105
1898-02-15,295.900587777722
1898-03-15,296.263631256679
1898-04-15,296.52530593652597
1898-05-15,296.488374296571
1898-06-15,295.774252174158
1898-07-15,294.159052429187
1898-08-15,292.58757595857
1898-09-15,292.578460026521
1898-10-15,293.64691860989603
1898-11-15,294.68154855183997
1898-12-15,295.346491557574
1899-01-15,295.836768010065
1899-02-15,296.24316429242197
1899-03-15,296.606923617051
1899-04-15,296.868785656505
1899-05-15,296.830796596359
1899-06-15,296.11494682829897
1899-07-15,294.500188994674
1899-08-15,292.931739520593
1899-09-15,292.92576250161596
1899-10-15,293.998202646656
1899-11-15,295.0369161942
1899-12-15,295.705788082836
1900-01-15,296.20596389274397
1900-02-15,296.614809509124
1900-03-15,296.980286495298
1900-04-15,297.24335431595904
1900-05-15,297.204653373023
1900-06-15,296.486728876377
1900-07-15,294.872528792264
1900-08-15,293.30758282747
1900-09-15,293.303980899347
1900-10-15,294.378459745199
1900-11-15,295.417432919119
1900-12-15,296.084199654158
1901-01-15,296.574428464023
1901-02-15,296.97794204013803
1901-03-15,297.336868610416
1901-04-15,297.59254542876
1901-05-15,297.545069029364
1901-06-15,296.817623336671
1901-07-15,295.19587023482103
1901-08-15,293.625832460331
1901-09-15,293.617446593405
1901-10-15,294.688231161259
1901-11-15,295.724033621731
1901-12-15,296.38808461672
1902-01-15,296.874561447502
1902-02-15,297.27749741650797
1902-03-15,297.637506919953
1902-04-15,297.895805610999
1902-05-15,297.851919472589
1902-06-15,297.128839064123
1902-07-15,295.512695420288
1902-08-15,293.949271401492
1902-09-15,293.947418847618
1902-10-15,295.024508598818
1902-11-15,296.065810102202
1902-12-15,296.734134821505
1903-01-15,297.219284406526
1903-02-15,297.62376675157503
1903-03-15,297.983801213263
1903-04-15,298.24051500903
1903-05-15,298.19454985626
1903-06-15,297.468789774195
1903-07-15,295.847111913485
1903-08-15,294.275343345632
1903-09-15,294.26511849217303
1903-10-15,295.333553602058
1903-11-15,296.36705829233
1903-12-15,297.029069389997
1904-01-15,297.505130734188
1904-02-15,297.907607176824
1904-03-15,298.268246313307
1904-04-15,298.527648044484
1904-05-15,298.488067022395
1904-06-15,297.771167354011
1904-07-15,296.154640301906
1904-08-15,294.583441652837
1904-09-15,294.574667328419
1904-10-15,295.64387128232397
1904-11-15,296.679126362543
1904-12-15,297.344342084549
1905-01-15,297.83285022274
1905-02-15,298.23884228449697
1905-03-15,298.601874325325
1905-04-15,298.862656611801
1905-05-15,298.823236986796
1905-06-15,298.10567514057595
1905-07-15,296.489106556049
1905-08-15,294.918808985731
1905-09-15,294.910863059277
1905-10-15,295.981290612578
1905-11-15,297.017951261242
1905-12-15,297.68479268792004
1906-01-15,298.175910654428
1906-02-15,298.584592057509
1906-03-15,298.951200114502
1906-04-15,299.216572296607
1906-05-15,299.182085746444
1906-06-15,298.469866567734
1906-07-15,296.86042447148
1906-08-15,295.299011810275
1906-09-15,295.300016040961
1906-10-15,296.37961558172503
1906-11-15,297.424977166679
1906-12-15,298.09966913426
1907-01-15,298.596527399356
1907-02-15,299.011121830433
1907-03-15,299.382582144869
1907-04-15,299.651714873981
1907-05-15,299.619803875706
1907-06-15,298.909134474048
1907-07-15,297.30080396689
1907-08-15,295.740193855536
1907-09-15,295.741274482071
1907-10-15,296.820413017899
1907-11-15,297.864686726076
1907-12-15,298.537677166627
1908-01-15,299.03166591134897
1908-02-15,299.443708076185
1908-03-15,299.812379737409
1908-04-15,300.078556407574
1908-05-15,300.04362434712397
1908-06-15,299.3299464722
1908-07-15,297.71864992274504
1908-08-15,296.155197143196
1908-09-15,296.15370030657397
1908-10-15,297.230600885449
1908-11-15,298.273081447695
1908-12-15,298.944817414702
1909-01-15,299.436254204561
1909-02-15,299.848660949831
1909-03-15,300.218731030922
1909-04-15,300.487228121996
1909-05-15,300.455916294531
1909-06-15,299.746756170574
1909-07-15,298.139135416445
1909-08-15,296.5782080573
1909-09-15,296.57948306662
1909-10-15,297.658907429525
1909-11-15,298.704037762794
1909-12-15,299.378602959751
1910-01-15,299.87322770918996
1910-02-15,300.288177128149
1910-03-15,300.660282906237
1910-04-15,300.930142417077
1910-05-15,300.899979875596
1910-06-15,300.191698359244
1910-07-15,298.583668401453
1910-08-15,297.021053849301
1910-09-15,297.02059719975
1910-10-15,298.09812173345904
1910-11-15,299.141683642444
1910-12-15,299.815281342579
1911-01-15,300.303486493873
1911-02-15,300.71985818517396
1911-03-15,301.094997566033
1911-04-15,301.369101770364
1911-05-15,301.34623287351
1911-06-15,300.647253553968
1911-07-15,299.044486143778
1911-08-15,297.482405655163
1911-09-15,297.483451874658
1911-10-15,298.56206241697896
1911-11-15,299.60816050382704
1911-12-15,300.286411010046
1912-01-15,300.783523677779
1912-02-15,301.207613314049
1912-03-15,301.591288260219
1912-04-15,301.874400006651
1912-05-15,301.861983636972
1912-06-15,301.174190223199
1912-07-15,299.579710634087
1912-08-15,298.022513241233
1912-09-15,298.028254673217
1912-10-15,299.110459610765
1912-11-15,300.160034853774
1912-12-15,300.841928852193
1913-01-15,301.34732445543597
1913-02-15,301.77389663300096
1913-03-15,302.15872739782003
1913-04-15,302.441619941232
1913-05-15,302.427492321105
1913-06-15,301.73675777067996
1913-07-15,300.138910901148
1913-08-15,298.578144409747
1913-09-15,298.579648831461
1913-10-15,299.657248506827
1913-11-15,300.701798247748
1913-12-15,301.37832430947003
1914-01-15,301.879473299112
1914-02-15,302.300337790971
1914-03-15,302.679513361408
1914-04-15,302.957080067464
1914-05-15,302.937510664364
1914-06-15,302.24151212524
1914-07-15,300.64022899357104
1914-08-15,299.078052419145
1914-09-15,299.078641827941
1914-10-15,300.156208739191
1914-11-15,301.201114200151
1914-12-15,301.878215857809
1915-01-15,302.380603385789
1915-02-15,302.80268440246397
1915-03-15,303.183556313776
1915-04-15,303.463461595836
1915-05-15,303.446242388546
1915-06-15,302.75274539083597
1915-07-15,301.155724773158
1915-08-15,299.599606814936
1915-09-15,299.606209928877
1915-10-15,300.689985482039
1915-11-15,301.74057877786703
1915-12-15,302.422484428638
1916-01-15,302.92485223028
1916-02-15,303.35028060267996
1916-03-15,303.733892961715
1916-04-15,304.015663827154
1916-05-15,303.99991413947004
1916-06-15,303.307371606829
1916-07-15,301.70941466134497
1916-08-15,300.15044238223
1916-09-15,300.153852877771
1916-10-15,301.23389497489103
1916-11-15,302.280829895512
1916-12-15,302.959466077123
1917-01-15,303.46030392160196
1917-02-15,303.883285562219
1917-03-15,304.264867466056
1917-04-15,304.545122723095
1917-05-15,304.528432721368
1917-06-15,303.83524451669604
1917-07-15,302.236361693972
1917-08-15,300.675914360033
1917-09-15,300.677396126338
1917-10-15,301.754747076821
1917-11-15,302.798105333252
1917-12-15,303.47208771215196
1918-01-15,303.971809862091
1918-02-15,304.386522481508
1918-03-15,304.757398803982
1918-04-15,305.024586287315
1918-05-15,304.991437615475
1918-06-15,304.279508622959
1918-07-15,302.663755497708
1918-08-15,301.089235016964
1918-09-15,301.07652350002604
1918-10-15,302.140907140387
1918-11-15,303.171912294753
1918-12-15,303.834266666561
1919-01-15,304.32651304381
1919-02-15,304.732659575836
1919-03-15,305.097482392822
1919-04-15,305.362117683189
1919-05-15,305.32831018047
1919-06-15,304.617907577403
1919-07-15,303.01067845216096
1919-08-15,301.451582240868
1919-09-15,301.455247566794
1919-10-15,302.53750165649103
1919-11-15,303.585432071537
1919-12-15,304.262427575519
1920-01-15,304.76455990937
1920-02-15,305.17963200556403
1920-03-15,305.55007384328
1920-04-15,305.816619192496
1920-05-15,305.779658140873
1920-06-15,305.06205417547403
1920-07-15,303.447506321035
1920-08-15,301.881885991082
1920-09-15,301.877137041766
1920-10-15,302.950391135928
1920-11-15,303.98820833637296
1920-12-15,304.654126075573
1921-01-15,305.144289821239
1921-02-15,305.548472425842
1921-03-15,305.90926871087896
1921-04-15,306.16817596482
1921-05-15,306.125100400335
1921-06-15,305.403038054072
1921-07-15,303.787873103295
1921-08-15,302.225358834672
1921-09-15,302.22457642342096
1921-10-15,303.30283888599996
1921-11-15,304.345489712085
1921-12-15,305.015365736111
1922-01-15,305.510252519722
1922-02-15,305.915458241397
1922-03-15,306.275342681731
1922-04-15,306.53133229921
1922-05-15,306.481882707946
1922-06-15,305.750928962736
1922-07-15,304.12866943146
1922-08-15,302.561685547143
1922-09-15,302.55573272486697
1922-10-15,303.629405386363
1922-11-15,304.667212686736
1922-12-15,305.331938045917
1923-01-15,305.824227913527
1923-02-15,306.224990607446
1923-03-15,306.581621278418
1923-04-15,306.836404096245
1923-05-15,306.786395728604
1923-06-15,306.056075231208
1923-07-15,304.440508173009
1923-08-15,302.886319921372
1923-09-15,302.893562590576
1923-10-15,303.981501652829
1923-11-15,305.032390036275
1923-12-15,305.70783539267103
1924-01-15,306.20870959623403
1924-02-15,306.61438638157904
1924-03-15,306.972667017915
1924-04-15,307.225744879206
1924-05-15,307.168584680304
1924-06-15,306.426698943508
1924-07-15,304.800863474489
1924-08-15,303.238637506945
1924-09-15,303.235315069597
1924-10-15,304.311716588251
1924-11-15,305.34875080903
1924-12-15,306.007751273308
1925-01-15,306.491493797057
1925-02-15,306.87702395384497
1925-03-15,307.214244149873
1925-04-15,307.446200950832
1925-05-15,307.366360428042
1925-06-15,306.601446560296
1925-07-15,304.95836608560603
1925-08-15,303.38550890474204
1925-09-15,303.372683653974
1925-10-15,304.44223061220004
1925-11-15,305.473361368953
1925-12-15,306.126899708035
1926-01-15,306.610608140035
1926-02-15,306.992124142211
1926-03-15,307.326626699879
1926-04-15,307.558109110805
1926-05-15,307.477383206379
1926-06-15,306.712388243713
1926-07-15,305.07852348906397
1926-08-15,303.524564519836
1926-09-15,303.53105203267995
1926-10-15,304.621765353443
1926-11-15,305.67243815512796
1926-12-15,306.342231157377
1927-01-15,306.834701440008
1927-02-15,307.225743773344
1927-03-15,307.566522240003
1927-04-15,307.80086266631804
1927-05-15,307.717472687026
1927-06-15,306.94518921802603
1927-07-15,305.304987932289
1927-08-15,303.74673958879396
1927-09-15,303.74672435191
1927-10-15,304.830401123775
1927-11-15,305.872455292986
1927-12-15,306.53200614879904
1928-01-15,307.013533468711
1928-02-15,307.39329045705
1928-03-15,307.723524395097
1928-04-15,307.949007933887
1928-05-15,307.85752436427504
1928-06-15,307.078755010499
1928-07-15,305.43798682330504
1928-08-15,303.885176686848
1928-09-15,303.891680108194
1928-10-15,304.983588875499
1928-11-15,306.033669071552
1928-12-15,306.700062694402
1929-01-15,307.179589311367
1929-02-15,307.56420157974
1929-03-15,307.898461696996
1929-04-15,308.12658328472196
1929-05-15,308.036474054871
1929-06-15,307.25744280899397
1929-07-15,305.613371126951
1929-08-15,304.054369153123
1929-09-15,304.053772223699
1929-10-15,305.137626075654
1929-11-15,306.179581094237
1929-12-15,306.83832018620603
1930-01-15,307.313544917251
1930-02-15,307.691873938726
1930-03-15,308.02075832037497
1930-04-15,308.244793778199
1930-05-15,308.152051253642
1930-06-15,307.372081321694
1930-07-15,305.72918428826597
1930-08-15,304.17337437871896
1930-09-15,304.177306806435
1930-10-15,305.266995137178
1930-11-15,306.31576002046603
1930-12-15,306.98206445846296
1931-01-15,307.472965089357
1931-02-15,307.858849149552
1931-03-15,308.194712670572
1931-04-15,308.425537930497
1931-05-15,308.337212915779
1931-06-15,307.560238178429
1931-07-15,305.925347949681
1931-08-15,304.383147434384
1931-09-15,304.399920432763
1931-10-15,305.503031202488
1931-11-15,306.563604869404
1931-12-15,307.239217821
1932-01-15,307.738721958445
1932-02-15,308.129067372806
1932-03-15,308.467286975544
1932-04-15,308.698856524153
1932-05-15,308.607300309921
1932-06-15,307.82430441030397
1932-07-15,306.188113026942
1932-08-15,304.650390066329
1932-09-15,304.670737063709
1932-10-15,305.778421646917
1932-11-15,306.842529534933
1932-12-15,307.520052988301
1933-01-15,308.014679003047
1933-02-15,308.406192285154
1933-03-15,308.74655495533904
1933-04-15,308.981688213128
1933-05-15,308.89478249465
1933-06-15,308.117997676187
1933-07-15,306.49122190106203
1933-08-15,304.96588104392004
1933-09-15,304.999227439985
1933-10-15,306.120521047426
1933-11-15,307.19776462187997
1933-12-15,307.887264351696
1934-01-15,308.394851639442
1934-02-15,308.79451594290197
1934-03-15,309.14048360586
1934-04-15,309.37854289945
1934-05-15,309.290245385593
1934-06-15,308.50810912772704
1934-07-15,306.87640017645305
1934-08-15,305.347743927189
1934-09-15,305.37651245629297
1934-10-15,306.493610523062
1934-11-15,307.56660764878603
1934-12-15,308.252143790846
1935-01-15,308.755687870263
1935-02-15,309.154942792371
1935-03-15,309.50386166967496
1935-04-15,309.74922386726297
1935-05-15,309.672616656027
1935-06-15,308.907567988079
1935-07-15,307.30028058716704
1935-08-15,305.80272579114103
1935-09-15,305.866032305113
1935-10-15,307.020732242238
1935-11-15,308.132704154072
1935-12-15,308.857383621805
1936-01-15,309.399941259605
1936-02-15,309.836122867964
1936-03-15,310.21967097640703
1936-04-15,310.496667560402
1936-05-15,310.446969107239
1936-06-15,309.703717768049
1936-07-15,308.115606093593
1936-08-15,306.635047320975
1936-09-15,306.710813865839
1936-10-15,307.874186693291
1936-11-15,308.99036723961103
1936-12-15,309.71464029555403
1937-01-15,310.25860727765803
1937-02-15,310.685009408027
1937-03-15,311.054244172435
1937-04-15,311.313165082855
1937-05-15,311.239506517772
1937-06-15,310.467808103036
1937-07-15,308.8545587032
1937-08-15,307.353579496737
1937-09-15,307.4072158954
1937-10-15,308.549016674737
1937-11-15,309.642458177113
1937-12-15,310.342573881296
1938-01-15,310.86195366581103
1938-02-15,311.2640412842
1938-03-15,311.610453660451
1938-04-15,311.849228105578
1938-05-15,311.756629857834
1938-06-15,310.968898115746
1938-07-15,309.349205209116
1938-08-15,307.851510850555
1938-09-15,307.911097370298
1938-10-15,309.062421965279
1938-11-15,310.166208642078
1938-12-15,310.87608973
1939-01-15,311.40463258439996
1939-02-15,311.814234206901
1939-03-15,312.166706345176
1939-04-15,312.410017047096
1939-05-15,312.317853315261
1939-06-15,311.526934265344
1939-07-15,309.906676317294
1939-08-15,308.411995451836
1939-09-15,308.472350231679
1939-10-15,309.62391303574503
1939-11-15,310.725660953342
1939-12-15,311.430757258145
1940-01-15,311.95260888218996
1940-02-15,312.35346857762994
1940-03-15,312.696193332162
1940-04-15,312.929542068773
1940-05-15,312.825618318774
1940-06-15,312.022426447257
1940-07-15,310.395523819492
1940-08-15,308.900339318038
1940-09-15,308.960397680739
1940-10-15,310.11307189024797
1940-11-15,311.21526330918704
1940-12-15,311.919268778871
1941-01-15,312.43640572897704
1941-02-15,312.833658414479
1941-03-15,313.17193214476396
1941-04-15,313.400147413903
1941-05-15,313.289102751575
1941-06-15,312.47727445111
1941-07-15,310.843891667476
1941-08-15,309.34485163911097
1941-09-15,309.400185770318
1941-10-15,310.548180451076
1941-11-15,311.64462674629397
1941-12-15,312.34145814957805
1942-01-15,312.851960906126
1942-02-15,313.239577284555
1942-03-15,313.567337793427
1942-04-15,313.78464067181596
1942-05-15,313.66087745242
1942-06-15,312.835398746568
1942-07-15,311.19224853106704
1942-08-15,309.687718496729
1942-09-15,309.73711081703703
1942-10-15,310.879645903954
1942-11-15,311.969448112856
1942-12-15,312.657744158429
1943-01-15,313.158591069109
1943-02-15,313.533905446552
1943-03-15,313.84765448901
1943-04-15,314.04950913014403
1943-05-15,313.907193208453
1943-06-15,313.060738907532
1943-07-15,311.399096612587
1943-08-15,309.879339834667
1943-09-15,309.91234623349
1943-10-15,311.03874217944804
1943-11-15,312.11138046854
1943-12-15,312.781204528521
1944-01-15,313.270426016712
1944-02-15,313.624968803772
1944-03-15,313.91728513951597
1944-04-15,314.098232805406
1944-05-15,313.93253197874196
1944-06-15,313.062284298267
1944-07-15,311.387311248208
1944-08-15,309.86568860328
1944-09-15,309.89787013925303
1944-10-15,311.026649965394
1944-11-15,312.101266186496
1944-12-15,312.771181835396
1945-01-15,313.25106453348
1945-02-15,313.603630839353
1945-03-15,313.89394209730096
1945-04-15,314.07292933847197
1945-05-15,313.90403564371104
1945-06-15,313.02972032439703
1945-07-15,311.353089622034
1945-08-15,309.832696798988
1945-09-15,309.865890034887
1945-10-15,310.996415324888
1945-11-15,312.072599334208
1945-12-15,312.743681409972
1946-01-15,313.221135276181
1946-02-15,313.575526413008
1946-03-15,313.868748159452
1946-04-15,314.051940662685
1946-05-15,313.888643175857
1946-06-15,313.021547915666
1946-07-15,311.354171613024
1946-08-15,309.844825877167
1946-09-15,309.890154858362
1946-10-15,311.033539468723
1946-11-15,312.122785440814
1946-12-15,312.80666871323604
1947-01-15,313.298689009305
1947-02-15,313.663739062602
1947-03-15,313.965803558364
1947-04-15,314.15577820579
1947-05-15,313.996080388699
1947-06-15,313.129342698883
1947-07-15,311.460957398305
1947-08-15,309.949689733918
1947-09-15,309.990540991015
1947-10-15,311.12788783740797
1947-11-15,312.20932100498
1947-12-15,312.883848322115
1948-01-15,313.369233676365
1948-02-15,313.72303221346
1948-03-15,314.013647198759
1948-04-15,314.192885483255
1948-05-15,314.022111969282
1948-06-15,313.145283987723
1948-07-15,311.473247421521
1948-08-15,309.965315880721
1948-09-15,310.01145636249
1948-10-15,311.156907825718
1948-11-15,312.247413714579
1948-12-15,312.931134675907
1949-01-15,313.421953021839
1949-02-15,313.785554182722
1949-03-15,314.08652714874
1949-04-15,314.276546721913
1949-05-15,314.116274200225
1949-06-15,313.249655252096
1949-07-15,311.588746308758
1949-08-15,310.092859677018
1949-09-15,310.15046382709403
1949-10-15,311.307016945765
1949-11-15,312.407693023088
1949-12-15,313.100374354495
1950-01-15,313.59789776410196
1950-02-15,313.968033901902
1950-03-15,314.274348538275
1950-04-15,314.468454028624
1950-05-15,314.310746056336
1950-06-15,313.445150636415
1950-07-15,311.78414441015497
1950-08-15,310.28720613873503
1950-09-15,310.34264203048303
1950-10-15,311.496369449649
1950-11-15,312.59374121486
1950-12-15,313.282921926964
1951-01-15,313.779500827267
1951-02-15,314.146475833269
1951-03-15,314.45023634395903
1951-04-15,314.642936868911
1951-05-15,314.48457346814604
1951-06-15,313.619812677123
1951-07-15,311.96386428129
1951-08-15,310.476509395894
1951-09-15,310.543438142402
1951-10-15,311.710757536161
1951-11-15,312.82271050003396
1951-12-15,313.526831402155
1952-01-15,314.03825787599897
1952-02-15,314.42015138444197
1952-03-15,314.738519703601
1952-04-15,314.945339175209
1952-05-15,314.799635548456
1952-06-15,313.946064039765
1952-07-15,312.30150908087603
1952-08-15,310.825793527955
1952-09-15,310.902756753832
1952-10-15,312.079056536479
1952-11-15,313.198393493349
1952-12-15,313.908163138834
1953-01-15,314.425335387117
1953-02-15,314.809686799329
1953-03-15,315.129158318498
1953-04-15,315.336089228838
1953-05-15,315.188624656731
1953-06-15,314.33204469281003
1953-07-15,312.68650022102
1953-08-15,311.212225512418
1953-09-15,311.290054795645
1953-10-15,312.46737280077997
1953-11-15,313.586891117456
1953-12-15,314.295649600835
1954-01-15,314.806147622018
1954-02-15,315.188205445385
1954-03-15,315.505285479624
1954-04-15,315.70967783209
1954-05-15,315.559811801421
1954-06-15,314.700848088184
1954-07-15,313.052109967841
1954-08-15,311.573759600076
1954-09-15,311.647458843952
1954-10-15,312.820418383403
1954-11-15,313.935635746118
1954-12-15,314.640266945039
1955-01-15,315.143206782755
1955-02-15,315.521971917976
1955-03-15,315.836311014772
1955-04-15,316.038226161585
1955-05-15,315.88729857097803
1955-06-15,315.02809763204397
1955-07-15,313.376296256235
1955-08-15,311.891679998285
1955-09-15,311.95943804175704
1955-10-15,313.12598304269903
1955-11-15,314.235501445932
1955-12-15,314.93560479966
1956-01-15,315.432471514668
1956-02-15,315.809090672187
1956-03-15,316.12232064459204
1956-04-15,316.32373435264
1956-05-15,316.17461401062803
1956-06-15,315.318651163113
1956-07-15,313.666115435577
1956-08-15,312.176235103631
1956-09-15,312.239432215897
1956-10-15,313.400958855638
1956-11-15,314.506780294687
1956-12-15,315.205201977356
1957-01-15,315.709759456745
1957-02-15,316.087150351073
1957-03-15,316.40159497073995
1957-04-15,316.604809417099
1957-05-15,316.457770244757
1957-06-15,315.60440671794
1957-07-15,313.956179715776
1957-08-15,312.47246403978403
1957-09-15,312.542453589336
1957-10-15,313.711456532331
1957-11-15,314.824874670872
1957-12-15,315.530678581406
1958-01-15,316.043294044269
1958-02-15,316.42701194772303
1958-03-15,316.747002490477
1958-04-15,316.9549384559
1958-05-15,316.81101414818403
1958-06-15,315.95927115466
1958-07-15,314.31285249888305
1958-08-15,312.831195319745
1958-09-15,312.9020758418
1958-10-15,314.07187537787996
1958-11-15,315.186051649009
1958-12-15,315.893007501196
1959-01-15,316.403590207195
1959-02-15,316.79206747806097
1959-03-15,317.119990124854
1959-04-15,317.339540792271
1959-05-15,317.212118099786
1959-06-15,316.382127223459
1959-07-15,314.761599445993
1959-08-15,313.310336226125
1959-09-15,313.41717395146196
1959-10-15,314.626698172314
1959-11-15,315.78351555653
1959-12-15,316.53482419993196
1960-01-15,317.092419670787
1960-02-15,317.523868887767
1960-03-15,317.891672077089
1960-04-15,318.146626311347
1960-05-15,318.04860440893503
1960-06-15,317.24065551018697
1960-07-15,315.633752782723
1960-08-15,314.186425319012
1960-09-15,314.287468665539
1960-10-15,315.48313085165
1960-11-15,316.619524214772
1960-12-15,317.345423941266
1961-01-15,317.878948884258
1961-02-15,318.279217241608
1961-03-15,318.615171859518
1961-04-15,318.839569280505
1961-05-15,318.712627576672
1961-06-15,317.879695360086
1961-07-15,316.257474575208
1961-08-15,314.806487052289
1961-09-15,314.911688715894
1961-10-15,316.118890645727
1961-11-15,317.271477117843
1961-12-15,318.01631740453803
1962-01-15,318.569544360066
1962-02-15,318.99056099241
1962-03-15,319.346435190311
1962-04-15,319.58876664097403
1962-05-15,319.475381273961
1962-06-15,318.650731034153
1962-07-15,317.03324551296004
1962-08-15,315.58239920903196
1962-09-15,315.67994731842003
1962-10-15,316.873724269759
1962-11-15,318.007532509371
1962-12-15,318.72928863226
1963-01-15,319.257400740594
1963-02-15,319.651224680605
1963-03-15,319.98021831516496
1963-04-15,320.19768793949197
1963-05-15,320.061812059155
1963-06-15,319.219034426345
1963-07-15,317.592653018688
1963-08-15,316.143914903476
1963-09-15,316.251548189461
1963-10-15,317.462583364647
1963-11-15,318.617977558912
1963-12-15,319.36349168195096
1964-01-15,319.910040208685
1964-02-15,320.32798956587004
1964-03-15,320.67927549871496
1964-04-15,320.91532507809603
1964-05-15,320.793072411261
1964-06-15,319.956948312869
1964-07-15,318.326889169707
1964-08-15,316.862232447446
1964-09-15,316.942837998653
1964-10-15,318.117762337502
1964-11-15,319.23122748642203
1964-12-15,319.931935920158
1965-01-15,320.437699153689
1965-02-15,320.812529674691
1965-03-15,321.125307152925
1965-04-15,321.330367594925
1965-05-15,321.18679581681704
1965-06-15,320.34209127396497
1965-07-15,318.720869805377
1965-08-15,317.285421174447
1965-09-15,317.41488880878603
1965-10-15,318.655488313315
1965-11-15,319.846799372656
1965-12-15,320.633268301322
1966-01-15,321.229452272446
1966-02-15,321.693902539394
1966-03-15,322.092320575393
1966-04-15,322.37520746325004
1966-05-15,322.29690332314897
1966-06-15,321.501264311736
1966-07-15,319.91119574458196
1966-08-15,318.485208903829
1966-09-15,318.597815808229
1966-10-15,319.79895723354804
1966-11-15,320.931929428908
1966-12-15,321.645358635518
1967-01-15,322.154651805228
1967-02-15,322.53083540717097
1967-03-15,322.840447467757
1967-04-15,323.038371867329
1967-05-15,322.883676772636
1967-06-15,322.02452841817404
1967-07-15,320.387408720086
1967-08-15,318.935190530057
1967-09-15,319.0464386977
1967-10-15,320.26850064821497
1967-11-15,321.440948501328
1967-12-15,322.208508026245
1968-01-15,322.78042586247994
1968-02-15,323.228253427052
1968-03-15,323.612292138691
1968-04-15,323.88321319246
1968-05-15,323.79685814742
1968-06-15,322.99697285560796
1968-07-15,321.403523978703
1968-08-15,319.97511105312003
1968-09-15,320.089579114701
1968-10-15,321.295885102465
1968-11-15,322.438566055925
1968-12-15,323.166815115776
1969-01-15,323.70408176354
1969-02-15,324.104226883707
1969-03-15,324.441910442258
1969-04-15,324.672460075799
1969-05-15,324.554057431315
1969-06-15,323.73559269515204
1969-07-15,322.147097844051
1969-08-15,320.751971279346
1969-09-15,320.925820017222
1969-10-15,322.216089805207
1969-11-15,323.459518816058
1969-12-15,324.29865681677
1970-01-15,324.954121686211
1970-02-15,325.46783478157903
1970-03-15,325.911874423938
1970-04-15,326.236261889243
1970-05-15,326.190854972387
1970-06-15,325.419873072255
1970-07-15,323.855087912379
1970-08-15,322.454777067006
1970-09-15,322.581977226782
1970-10-15,323.788689709814
1970-11-15,324.91713830904996
1970-12-15,325.616979638326
1971-01-15,326.112757916749
1971-02-15,326.464110733593
1971-03-15,326.747180380383
1971-04-15,326.920292884364
1971-05-15,326.740262504896
1971-06-15,325.859897381346
1971-07-15,324.222422335423
1971-08-15,322.794502593468
1971-09-15,322.943380057906
1971-10-15,324.221361268059
1971-11-15,325.462898733938
1971-12-15,326.31039303023204
1972-01-15,326.982164322566
1972-02-15,327.530062123857
1972-03-15,328.02412277923503
1972-04-15,328.416115292133
1972-05-15,328.454916734515
1972-06-15,327.78706892532
1972-07-15,326.35246245165
1972-08-15,325.111290376805
1972-09-15,325.420782713756
1972-10-15,326.83126050820704
1972-11-15,328.17682850472903
1972-12-15,329.10037410961496
1973-01-15,329.825969933892
1973-02-15,330.396360655181
1973-03-15,330.887553100128
1973-04-15,331.252799642467
1973-05-15,331.239713466325
1973-06-15,330.496898414977
1973-07-15,328.972143548678
1973-08-15,327.627294219017
1973-09-15,327.813800837448
1973-10-15,329.085276088108
1973-11-15,330.276616525634
1973-12-15,331.033010691027
1974-01-15,331.569855655491
1974-02-15,331.959225276068
1974-03-15,332.268389658409
1974-04-15,332.45345347030104
1974-05-15,332.266216592525
1974-06-15,331.357854097651
1974-07-15,329.67589138119
1974-08-15,328.184944041674
1974-09-15,328.24281917876704
1974-10-15,329.403901374106
1974-11-15,330.50330912097
1974-12-15,331.185570429026
1975-01-15,331.665993820041
1975-02-15,332.013094553087
1975-03-15,332.293974063158
1975-04-15,332.463491036772
1975-05-15,332.273060183205
1975-06-15,331.37242928168996
1975-07-15,329.705867651759
1975-08-15,328.236691982899
1975-09-15,328.323746124959
1975-10-15,329.520200237164
1975-11-15,330.66174999774
1975-12-15,331.393125041971
1976-01-15,331.925692931382
1976-02-15,332.335997910137
1976-03-15,332.687044653859
1976-04-15,332.933214626693
1976-05-15,332.827430929967
1976-06-15,332.018545891254
1976-07-15,330.445715075967
1976-08-15,329.071655863678
1976-09-15,329.259991922138
1976-10-15,330.56225722847
1976-11-15,331.813867670209
1976-12-15,332.65799704935
1977-01-15,333.315745341913
1977-02-15,333.835355682016
1977-03-15,334.289686796384
1977-04-15,334.631389911005
1977-05-15,334.609629876077
1977-06-15,333.871955940696
1977-07-15,332.360529007933
1977-08-15,331.036460913665
1977-09-15,331.25627580822004
1977-10-15,332.571393508507
1977-11-15,333.81744204883097
1977-12-15,334.639536303805
1978-01-15,335.257310827006
1978-02-15,335.730807582065
1978-03-15,336.13148308956403
1978-04-15,336.414650032763
1978-05-15,336.33163084476
1978-06-15,335.53274236281004
1978-07-15,333.963983502646
1978-08-15,332.589158538654
1978-09-15,332.766119007759
1978-10-15,334.048645338521
1978-11-15,335.272038553808
1978-12-15,336.080822629943
1979-01-15,336.706399704406
1979-02-15,337.182288231827
1979-03-15,337.592032753799
1979-04-15,337.891415509416
1979-05-15,337.827916907264
1979-06-15,337.053231487123
1979-07-15,335.523895670103
1979-08-15,334.204448388362
1979-09-15,334.441794949549
1979-10-15,335.791592027703
1979-11-15,337.084045957522
1979-12-15,337.960318669313
1980-01-15,338.65177244009
1980-02-15,339.186808541577
1980-03-15,339.649309896105
1980-04-15,339.99393162405397
1980-05-15,339.962605862543
1980-06-15,339.206831258531
1980-07-15,337.692340844621
1980-08-15,336.38281827338403
1980-09-15,336.612335914735
1980-10-15,337.937325556218
1980-11-15,339.185251934796
1980-12-15,339.998043011915
1981-01-15,340.607984232556
1981-02-15,341.04946286578996
1981-03-15,341.40759760709
1981-04-15,341.639894922099
1981-05-15,341.487638546871
1981-06-15,340.605915623996
1981-07-15,338.97148270250597
1981-08-15,337.551089965733
1981-09-15,337.67239490812597
1981-10-15,338.89585954549
1981-11-15,340.04771678765303
1981-12-15,340.770335450549
1982-01-15,341.29254528942903
1982-02-15,341.661941376341
1982-03-15,341.96034143596
1982-04-15,342.147072865098
1982-05-15,341.963743977928
1982-06-15,341.067578024535
1982-07-15,339.44064660209597
1982-08-15,338.051612829913
1982-09-15,338.225993244323
1982-10-15,339.526425326099
1982-11-15,340.77625332207003
1982-12-15,341.613214508187
1983-01-15,342.272983432978
1983-02-15,342.77548047811297
1983-03-15,343.209739464721
1983-04-15,343.531848254381
1983-05-15,343.475343673013
1983-06-15,342.69522718807997
1983-07-15,341.181613970756
1983-08-15,339.900224702705
1983-09-15,340.160542767432
1983-10-15,341.52385598741796
1983-11-15,342.80906620297003
1983-12-15,343.655441040638
1984-01-15,344.218429534494
1984-02-15,344.70172349897797
1984-03-15,345.112578974179
1984-04-15,345.40555617094003
1984-05-15,345.33485798301695
1984-06-15,344.549283571796
1984-07-15,342.985596409055
1984-08-15,341.606624922134
1984-09-15,341.779086831914
1984-10-15,343.054758301382
1984-11-15,344.27178206360804
1984-12-15,345.07511631321603
1985-01-15,345.65318110975403
1985-02-15,346.128544643189
1985-03-15,346.540514544014
1985-04-15,346.840664329847
1985-05-15,346.788851468538
1985-06-15,346.02906832107595
1985-07-15,344.474912726388
1985-08-15,343.085695101394
1985-09-15,343.248026744816
1985-10-15,344.507623500053
1985-11-15,345.709224174921
1985-12-15,346.50113851836403
1986-01-15,347.145212698567
1986-02-15,347.606273719233
1986-03-15,347.99806571511
1986-04-15,348.276250165423
1986-05-15,348.189338176136
1986-06-15,347.388660996113
1986-07-15,345.827946035379
1986-08-15,344.471540667697
1986-09-15,344.66927764709396
1986-10-15,345.976469208602
1986-11-15,347.225778190405
1986-12-15,348.060564055562
1987-01-15,348.695843798758
1987-02-15,349.20053348730596
1987-03-15,349.64166303563695
1987-04-15,349.974280178201
1987-05-15,349.947477794826
1987-06-15,349.211721577922
1987-07-15,347.717332162386
1987-08-15,346.427969669515
1987-09-15,346.69601986789297
1987-10-15,348.075754411415
1987-11-15,349.40006572023
1987-12-15,350.31070676886003
1988-01-15,351.063666967838
1988-02-15,351.632475994369
1988-03-15,352.126040798347
1988-04-15,352.499858625557
1988-05-15,352.490829273493
1988-06-15,351.75253085106795
1988-07-15,350.265255967932
1988-08-15,348.993891599572
1988-09-15,349.257798383454
1988-10-15,350.616212455707
1988-11-15,351.890660229175
1988-12-15,352.721974215565
1989-01-15,353.382700343901
1989-02-15,353.82657296052804
1989-03-15,354.18032190721397
1989-04-15,354.406452444525
1989-05-15,354.233747799825
1989-06-15,353.325979782949
1989-07-15,351.705767248945
1989-08-15,350.345935138722
1989-09-15,350.53280580393204
1989-10-15,351.83802441303595
1989-11-15,353.073731675597
1989-12-15,353.875017258551
1990-01-15,354.55958802779196
1990-02-15,354.981372599383
1990-03-15,355.31452004177595
1990-04-15,355.52520225041803
1990-05-15,355.31755981204003
1990-06-15,354.36499394435504
1990-07-15,352.759892898607
1990-08-15,351.48048887547003
1990-09-15,351.741818387167
1990-10-15,353.12930253225
1990-11-15,354.430095406764
1990-12-15,355.27032592794296
1991-01-15,355.805296383184
1991-02-15,356.24686718438403
1991-03-15,356.60520964921403
1991-04-15,356.84102260484
1991-05-15,356.679681209244
1991-06-15,355.78348819089996
1991-07-15,354.17699538339895
1991-08-15,352.831319772484
1991-09-15,353.02673717984703
1991-10-15,354.33365828775396
1991-11-15,355.56111198969
1991-12-15,356.34383038202003
1992-01-15,356.956981143117
1992-02-15,357.34910006807297
1992-03-15,357.65092147356796
1992-04-15,357.826875545015
1992-05-15,357.59171446864997
1992-06-15,356.61449577879995
1992-07-15,354.957020247661
1992-08-15,353.595018809948
1992-09-15,353.774493783311
1992-10-15,355.074713166335
1992-11-15,356.293723496549
1992-12-15,357.062329108781
1993-01-15,357.69109840863405
1993-02-15,358.05769869024397
1993-03-15,358.33017914531604
1993-04-15,358.47826928236
1993-05-15,358.19830535885495
1993-06-15,357.169639367597
1993-07-15,355.514748543716
1993-08-15,354.21612130164704
1993-09-15,354.462268558992
1993-10-15,355.846226398214
1993-11-15,357.147043781194
1993-12-15,357.98790751704496
1994-01-15,358.615234444645
1994-02-15,359.048370171122
1994-03-15,359.391561025572
1994-04-15,359.61366063610603
1994-05-15,359.409344838867
1994-06-15,358.457254993843
1994-07-15,356.880824046041
1994-08-15,355.66171276780295
1994-09-15,355.98547935208296
1994-10-15,357.444564161982
1994-11-15,358.81636083728404
1994-12-15,359.72317917739304
1995-01-15,360.54545425051003
1995-02-15,361.01365541163597
1995-03-15,361.369215468247
1995-04-15,361.589771087494
1995-05-15,361.33549759801696
1995-06-15,360.302936197425
1995-07-15,358.72537483839
1995-08-15,357.59591866561897
1995-09-15,357.99430614889
1995-10-15,359.537217325747
1995-11-15,360.96656793933295
1995-12-15,361.89156246679
1996-01-15,362.468858503602
1996-02-15,362.92411287111395
1996-03-15,363.273165040477
1996-04-15,363.487134417257
1996-05-15,363.252799435437
1996-06-15,362.25320789950104
1996-07-15,360.637790666246
1996-08-15,359.391099179012
1996-09-15,359.67404818011704
1996-10-15,361.08497310056
1996-11-15,362.393154826528
1996-12-15,363.219193396604
1997-01-15,363.936473458322
1997-02-15,364.30488363752
1997-03-15,364.559562834599
1997-04-15,364.68304160492005
1997-05-15,364.33482180485197
1997-06-15,363.217511171442
1997-07-15,361.582290632992
1997-08-15,360.427501537295
1997-09-15,360.823036752117
1997-10-15,362.392458318041
1997-11-15,363.876869749119
1997-12-15,364.88509022353696
1998-01-15,365.605534630582
1998-02-15,366.183283846586
1998-03-15,366.666421916706
1998-04-15,367.024534459323
1998-05-15,366.926586627904
1998-06-15,366.057521383851
1998-07-15,364.603251430483
1998-08-15,363.54779538532097
1998-09-15,364.00742946592993
1998-10-15,365.584768753636
1998-11-15,367.030900056053
1998-12-15,367.957468280401
1999-01-15,368.772140754742
1999-02-15,369.16751019357696
1999-03-15,369.41600261672994
1999-04-15,369.50658542390096
1999-05-15,369.080111209585
1999-06-15,367.850908433126
1999-07-15,366.13517243503
1999-08-15,364.939223852442
1999-09-15,365.272972705924
1999-10-15,366.77537617583505
1999-11-15,368.168325157881
1999-12-15,369.055368459735
2000-01-15,369.785474278803
2000-02-15,370.18066113059405
2000-03-15,370.46533257982804
2000-04-15,370.61716650963797
2000-05-15,370.30293062344003
2000-06-15,369.217822121701
2000-07-15,367.579574108295
2000-08-15,366.380192990544
2000-09-15,366.71603098488504
2000-10-15,368.20069674463303
2000-11-15,369.58207082809304
2000-12-15,370.471807480414
2001-01-15,371.243618505782
2001-02-15,371.655337844795
2001-03-15,371.944339732814
2001-04-15,372.095200337397
2001-05-15,371.745153649001
2001-06-15,370.60397415643797
2001-07-15,368.981734924533
2001-08-15,367.880756102455
2001-09-15,368.30915484167195
2001-10-15,369.901774484051
2001-11-15,371.37745822650004
2001-12-15,372.337378378137
2002-01-15,373.026172704851
2002-02-15,373.491646168693
2002-03-15,373.84191006459196
2002-04-15,374.06016824919897
2002-05-15,373.791427197408
2002-06-15,372.742162922011
2002-07-15,371.199594475625
2002-08-15,370.162337339838
2002-09-15,370.65818734628
2002-10-15,372.314132942732
2002-11-15,373.853781218836
2002-12-15,374.87841077928704
2003-01-15,375.535822058524
2003-02-15,376.07085513481695
2003-03-15,376.491907259029
2003-04-15,376.77154305919896
2003-05-15,376.582006036132
2003-06-15,375.61115511149694
2003-07-15,374.047182447105
2003-08-15,372.87797991764
2003-09-15,373.227409972286
2003-10-15,374.705348931082
2003-11-15,376.070556717948
2003-12-15,376.94017376217397
2004-01-15,377.64601111586603
2004-02-15,378.03999765515294
2004-03-15,378.31577277056397
2004-04-15,378.455286587677
2004-05-15,378.116440150502
2004-06-15,377.001475689136
2004-07-15,375.36337645842696
2004-08-15,374.19982493200797
2004-09-15,374.57557058977096
2004-10-15,376.110949909534
2004-11-15,377.542420121428
2004-12-15,378.476904004796
2005-01-15,379.209120777322
2005-02-15,379.66821539951303
2005-03-15,380.011774654507
2005-04-15,380.220826243951
2005-05-15,379.94233763965696
2005-06-15,378.87973729251996
2005-07-15,377.30846304186
2005-08-15,376.22603167363195
2005-09-15,376.67162591110497
2005-10-15,378.27124742069606
2005-11-15,379.75322556842497
2005-12-15,380.72145411472394
2006-01-15,381.415319579108
2006-02-15,381.885875166065
2006-03-15,382.234868070196
2006-04-15,382.441484036704
2006-05-15,382.159612022245
2006-06-15,381.088992680633
2006-07-15,379.48275987957
2006-08-15,378.336049612504
2006-09-15,378.70964306513997
2006-10-15,380.22653718165395
2006-11-15,381.624907680008
2006-12-15,382.51403454346496
2007-01-15,383.218834068972
2007-02-15,383.61253142873704
2007-03-15,383.88364020587096
2007-04-15,384.017986938474
2007-05-15,383.65753733996695
2007-06-15,382.51258299362803
2007-07-15,380.88624433388804
2007-08-15,379.78143957592204
2007-09-15,380.216157737157
2007-10-15,381.822774495932
2007-11-15,383.31992939531403
2007-12-15,384.306637692534
2008-01-15,385.02205160057997
2008-02-15,385.514619629524
2008-03-15,385.886647242407
2008-04-15,386.117332029804
2008-05-15,385.85144832472196
2008-06-15,384.790670931397
2008-07-15,383.20945595498
2008-08-15,382.10351238462096
2008-09-15,382.50922994868995
2008-10-15,384.051818590828
2008-11-15,385.46240866112
2008-12-15,386.349028234684
2009-01-15,387.085162397516
2009-02-15,387.447115897967
2009-03-15,387.67375907852204
2009-04-15,387.757257781782
2009-05-15,387.322994620408
2009-06-15,386.09242862055197
2009-07-15,384.428547518294
2009-08-15,383.342018240952
2009-09-15,383.79651939578696
2009-10-15,385.440695945999
2009-11-15,386.976942307698
2009-12-15,387.99678672169
2010-01-15,388.68945973037
2010-02-15,389.215442489066
2010-03-15,389.62774516643094
2010-04-15,389.90585417939496
2010-05-15,389.690348464925
2010-06-15,388.684136163831
2010-07-15,387.17243126850406
2010-08-15,386.15150731146497
2010-09-15,386.646171981652
2010-10-15,388.28261491237197
2010-11-15,389.783913446193
2010-12-15,390.754726227595
2011-01-15,391.550374540854
2011-02-15,391.983170104342
2011-03-15,392.27377720940694
2011-04-15,392.412684331156
2011-05-15,392.02498330015504
2011-06-15,390.83016371905404
2011-07-15,389.186297223591
2011-08-15,388.10228811796304
2011-09-15,388.54380983282203
2011-10-15,390.15751200107695
2011-11-15,391.64900649579005
2011-12-15,392.61410941969905
2012-01-15,393.368201762375
2012-02-15,393.81023090735704
2012-03-15,394.122077579969
2012-04-15,394.294354317385
2012-05-15,393.94099789114404
2012-06-15,392.783997683372
2012-07-15,391.207887730372
2012-08-15,390.222389906752
2012-09-15,390.763437420451
2012-10-15,392.481831761671
2012-11-15,394.071891378357
2012-12-15,395.12461425103
2013-01-15,395.80418748513296
2013-02-15,396.33243237588
2013-03-15,396.737347279326
2013-04-15,396.99984834333503
2013-05-15,396.761680723964
2013-06-15,395.72723779636397
2013-07-15,394.18378059940596
2013-08-15,393.12902859883906
2013-09-15,393.58851952301103
2013-10-15,395.189965447952
2013-11-15,396.656353619435
2013-12-15,397.589370336524
2014-01-15,398.41023332958395
2014-02-15,398.79064660544503
2014-03-15,399.020053252037
2014-04-15,399.094613174124
2014-05-15,398.62392817352304
2014-06-15,397.33761651327
2014-07-15,395.648835235684
2014-08-15,394.573461208627
2014-09-15,395.02681006906096
2014-10-15,396.668759675911
2014-11-15,398.189074185698
2014-12-15,399.17969175650705
2015-01-15,399.179692
2015-02-15,399.179692
2015-03-15,399.179692
2015-04-15,399.179692
2015-05-15,399.179692
2015-06-15,399.179692
2015-07-15,399.179692
2015-08-15,399.179692
2015-09-15,399.179692
2015-10-15,399.179692
2015-11-15,399.179692
2015-12-15,399.179692
2016-01-15,399.179692
2016-02-15,399.179692
2016-03-15,399.179692
2016-04-15,399.179692
2016-05-15,399.179692
2016-06-15,399.179692
2016-07-15,399.179692
2016-08-15,399.179692
2016-09-15,399.179692
2016-10-15,399.179692
2016-11-15,399.179692
2016-12-15,399.179692
2017-01-15,399.179692
2017-02-15,399.179692
2017-03-15,399.179692
2017-04-15,399.179692
2017-05-15,399.179692
2017-06-15,399.179692
2017-07-15,399.179692
2017-08-15,399.179692
2017-09-15,399.179692
2017-10-15,399.179692
2017-11-15,399.179692
2017-12-15,399.179692
2018-01-15,399.179692
2018-02-15,399.179692
2018-03-15,399.179692
2018-04-15,399.179692
2018-05-15,399.179692
2018-06-15,399.179692
2018-07-15,399.179692
2018-08-15,399.179692
2018-09-15,399.179692
2018-10-15,399.179692
2018-11-15,399.179692
2018-12-15,399.179692
2019-01-15,399.179692
2019-02-15,399.179692
2019-03-15,399.179692
2019-04-15,399.179692
2019-05-15,399.179692
2019-06-15,399.179692
2019-07-15,399.179692
2019-08-15,399.179692
2019-09-15,399.179692
2019-10-15,399.179692
2019-11-15,399.179692
2019-12-15,399.179692
2020-01-15,399.179692
2020-02-15,399.179692
2020-03-15,399.179692
2020-04-15,399.179692
2020-05-15,399.179692
2020-06-15,399.179692
2020-07-15,399.179692
2020-08-15,399.179692
2020-09-15,399.179692
2020-10-15,399.179692
2020-11-15,399.179692
2020-12-15,399.179692
